{"cameraMode":{"drawMode":0,"name":"Shaded","section":"Shading Mode"},"sceneLighting":false,"audioPlay":false,"sceneViewState":{"showFog":true,"showMaterialUpdate":false,"showSkybox":true,"showFlares":true,"showImageEffects":true,"showParticleSystems":true},"in2DMode":false,"pivot":{"x":-0.20450010895729066,"y":0.8774998188018799,"z":0.12147265672683716},"rotation":{"x":0.014988033100962639,"y":0.03898574039340019,"z":-0.0005848297150805593,"w":0.999127209186554},"size":1.7590358257293702,"orthographic":true}