{"cameraMode":{"drawMode":0,"name":"Shaded","section":"Shading Mode"},"sceneLighting":true,"audioPlay":false,"sceneViewState":{"showFog":true,"showMaterialUpdate":false,"showSkybox":true,"showFlares":true,"showImageEffects":true,"showParticleSystems":true},"in2DMode":false,"pivot":{"x":-0.1378173828125,"y":0.33795833587646487,"z":0.30517578125},"rotation":{"x":-0.0014930961187928916,"y":0.0958525612950325,"z":0.0001437886676285416,"w":0.9953948855400086},"size":1.4648048877716065,"orthographic":true}