{"cameraMode":{"drawMode":0,"name":"Shaded","section":"Shading Mode"},"sceneLighting":false,"audioPlay":false,"sceneViewState":{"showFog":true,"showMaterialUpdate":false,"showSkybox":true,"showFlares":true,"showImageEffects":true,"showParticleSystems":true},"in2DMode":false,"pivot":{"x":-0.86822509765625,"y":1.1763763427734376,"z":0.12744140625},"rotation":{"x":0.014988033100962639,"y":0.03898574039340019,"z":-0.0005848297150805593,"w":0.999127209186554},"size":1.4135218858718873,"orthographic":true}