{"cameraMode":{"drawMode":0,"name":"Shaded","section":"Shading Mode"},"sceneLighting":true,"audioPlay":false,"sceneViewState":{"showFog":true,"showMaterialUpdate":false,"showSkybox":true,"showFlares":true,"showImageEffects":true,"showParticleSystems":true},"in2DMode":false,"pivot":{"x":-0.0161285400390625,"y":2.176605224609375,"z":0.178466796875},"rotation":{"x":0.046478021889925,"y":0.01498318463563919,"z":-0.0006972165429033339,"w":0.9988064765930176},"size":1.169974446296692,"orthographic":true}